model assumes 10 micron device thickness,,,
nm,front surface transmssion,substrate transmission,predicted QE (%)
150,13.0788,0,13.0788
151,13.543,0,13.543
152,14.0478,0,14.0478
153,14.5861,0,14.5861
154,15.163,0,15.163
155,15.7806,0,15.7806
156,16.4545,0,16.4545
157,17.1721,0,17.1721
158,17.9316,0,17.9316
159,18.7359,0,18.7359
160,19.5858,0,19.5858
161,20.5062,0,20.5062
162,21.474,0,21.474
163,22.49,0,22.49
164,23.546,0,23.546
165,24.6472,0,24.6472
166,25.8088,0,25.8088
167,27.0193,0,27.0193
168,28.2648,0,28.2648
169,29.5439,0,29.5439
170,30.8507,0,30.8507
171,32.1771,0,32.1771
172,33.5608,0,33.5608
173,34.9465,0,34.9465
174,36.335,0,36.335
175,37.721,0,37.721
176,39.1034,0,39.1034
177,40.4792,0,40.4792
178,41.8578,0,41.8578
179,43.2083,0,43.2083
180,44.5337,0,44.5337
181,45.8284,0,45.8284
182,47.0813,0,47.0813
183,48.2885,0,48.2885
184,49.4632,0,49.4632
185,50.6159,0,50.6159
186,51.7133,0,51.7133
187,52.7576,0,52.7576
188,53.7535,0,53.7535
189,54.6973,0,54.6973
190,55.574,0,55.574
191,56.3994,0,56.3994
192,57.1679,0,57.1679
193,57.8732,0,57.8732
194,58.5307,0,58.5307
195,59.141,0,59.141
196,59.695,0,59.695
197,60.2036,0,60.2036
198,60.6667,0,60.6667
199,61.0959,0,61.0959
200,61.4952,0,61.4952
201,61.8504,0,61.8504
202,62.1643,0,62.1643
203,62.4409,0,62.4409
204,62.6762,0,62.6762
205,62.8764,0,62.8764
206,63.0409,0,63.0409
207,63.1963,0,63.1963
208,63.3558,0,63.3558
209,63.4199,0,63.4199
210,63.5171,0,63.5171
211,63.5518,0,63.5518
212,63.5945,0,63.5945
213,63.5755,0,63.5755
214,63.5492,0,63.5492
215,63.5268,0,63.5268
216,63.5438,0,63.5438
217,63.4587,0,63.4587
218,63.3448,0,63.3448
219,63.284,0,63.284
220,63.2438,0,63.2438
221,63.1347,0,63.1347
222,63.0977,0,63.0977
223,63.0411,0,63.0411
224,63.0669,0,63.0669
225,63.1018,0,63.1018
226,63.1186,0,63.1186
227,63.2369,0,63.2369
228,63.3775,0,63.3775
229,63.6294,0,63.6294
230,63.9362,0,63.9362
231,64.2877,0,64.2877
232,64.5942,0,64.5942
233,64.8591,0,64.8591
234,65.0374,0,65.0374
235,65.078,0,65.078
236,64.9941,0,64.9941
237,64.7944,0,64.7944
238,64.4935,0,64.4935
239,64.1076,0,64.1076
240,63.6409,0,63.6409
241,63.1395,0,63.1395
242,62.5447,0,62.5447
243,61.9079,0,61.9079
244,61.3067,0,61.3067
245,60.5969,0,60.5969
246,59.9148,0,59.9148
247,59.2305,0,59.2305
248,58.4975,0,58.4975
249,57.8148,0,57.8148
250,57.1193,0,57.1193
251,56.3468,0,56.3468
252,55.6103,0,55.6103
253,54.8499,0,54.8499
254,54.2204,0,54.2204
255,53.4533,0,53.4533
256,52.756,0,52.756
257,52.031,0,52.031
258,51.322,0,51.322
259,50.6187,0,50.6187
260,49.9102,0,49.9102
261,49.1908,0,49.1908
262,48.4784,0,48.4784
263,47.7829,0,47.7829
264,47.0755,0,47.0755
265,46.3662,0,46.3662
266,45.7355,0,45.7355
267,45.0956,0,45.0956
268,44.5309,0,44.5309
269,43.9897,0,43.9897
270,43.522,0,43.522
271,43.1484,0,43.1484
272,42.8401,0,42.8401
273,42.6154,0,42.6154
274,42.4882,0,42.4882
275,42.4205,0,42.4205
276,42.3966,0,42.3966
277,42.4051,0,42.4051
278,42.4654,0,42.4654
279,42.5654,0,42.5654
280,42.661,0,42.661
281,42.7607,0,42.7607
282,42.8669,0,42.8669
283,42.9759,0,42.9759
284,43.0906,0,43.0906
285,43.2459,0,43.2459
286,43.4466,0,43.4466
287,43.69,0,43.69
288,44.1854,0,44.1854
289,44.7546,0,44.7546
290,45.4047,0,45.4047
291,46.1895,0,46.1895
292,46.972,0,46.972
293,47.7309,0,47.7309
294,48.4697,0,48.4697
295,49.1793,0,49.1793
296,49.8318,0,49.8318
297,50.4402,0,50.4402
298,51.0071,0,51.0071
299,51.4759,0,51.4759
300,51.9141,0,51.9141
301,52.3238,0,52.3238
302,52.7304,0,52.7304
303,53.0849,0,53.0849
304,53.405,0,53.405
305,53.7243,0,53.7243
306,53.982,0,53.982
307,54.2122,0,54.2122
308,54.4318,0,54.4318
309,54.6248,0,54.6248
310,54.8012,0,54.8012
311,54.9648,0,54.9648
312,55.106,0,55.106
313,55.225,0,55.225
314,55.3337,0,55.3337
315,55.4327,0,55.4327
316,55.5113,0,55.5113
317,55.5798,0,55.5798
318,55.643,0,55.643
319,55.69,0,55.69
320,55.7279,0,55.7279
321,55.7567,0,55.7567
322,55.7743,0,55.7743
323,55.7879,0,55.7879
324,55.7928,0,55.7928
325,55.7937,0,55.7937
326,55.7889,0,55.7889
327,55.78,0,55.78
328,55.7691,0,55.7691
329,55.7463,0,55.7463
330,55.7188,0,55.7188
331,55.681,0,55.681
332,55.6427,0,55.6427
333,55.6039,0,55.6039
334,55.5534,0,55.5534
335,55.498,0,55.498
336,55.4349,0,55.4349
337,55.3701,0,55.3701
338,55.2985,0,55.2985
339,55.2237,0,55.2237
340,55.1356,0,55.1356
341,55.0432,0,55.0432
342,54.9442,0,54.9442
343,54.8339,0,54.8339
344,54.7125,0,54.7125
345,54.5777,0,54.5777
346,54.4344,0,54.4344
347,54.2747,0,54.2747
348,54.1085,0,54.1085
349,53.9131,0,53.9131
350,53.7059,0,53.7059
351,53.4714,0,53.4714
352,53.2315,0,53.2315
353,52.9455,0,52.9455
354,52.6498,0,52.6498
355,52.3255,0,52.3255
356,51.9963,0,51.9963
357,51.6388,0,51.6388
358,51.2685,0,51.2685
359,50.8992,0,50.8992
360,50.5309,0,50.5309
361,50.2086,0,50.2086
362,49.9086,0,49.9086
363,49.6711,0,49.6711
364,49.4888,0,49.4888
365,49.344,0,49.344
366,49.3034,0,49.3034
367,49.2716,0,49.2716
368,49.3661,0,49.3661
369,49.4322,0,49.4322
370,49.6261,0,49.6261
371,49.794,0,49.794
372,50.0423,0,50.0423
373,50.2952,0,50.2952
374,50.5833,0,50.5833
375,50.8955,0,50.8955
376,51.2109,0,51.2109
377,51.5555,0,51.5555
378,51.8936,0,51.8936
379,52.2297,0,52.2297
380,52.5635,0,52.5635
381,52.8828,0,52.8828
382,53.1966,0,53.1966
383,53.5094,0,53.5094
384,53.8209,0,53.8209
385,54.1335,0,54.1335
386,54.3985,0,54.3985
387,54.6648,0,54.6648
388,54.9268,0,54.9268
389,55.1848,0,55.1848
390,55.4412,0,55.4412
391,55.6706,0,55.6706
392,55.9016,0,55.9016
393,56.1222,0,56.1222
394,56.3363,0,56.3363
395,56.5499,0,56.5499
396,56.7469,0,56.7469
397,56.9454,0,56.9454
398,57.1314,0,57.1314
399,57.3097,0,57.3097
400,57.4895,0,57.4895
401,57.6597,0,57.6597
402,57.8311,0,57.8311
403,57.9915,0,57.9915
404,58.141,0,58.141
405,58.2914,0,58.2914
406,58.4458,0,58.4458
407,58.6022,0,58.6022
408,58.7551,0,58.7551
409,58.8899,0,58.8899
410,59.0256,0,59.0256
411,59.1553,0,59.1553
412,59.2792,0,59.2792
413,59.4039,0,59.4039
414,59.5237,0,59.5237
415,59.6418,0,59.6418
416,59.7606,0,59.7606
417,59.874,0,59.874
418,59.9873,0,59.9873
419,60.1003,0,60.1003
420,60.2031,0,60.2031
421,60.3065,0,60.3065
422,60.4075,0,60.4075
423,60.5021,0,60.5021
424,60.5973,0,60.5973
425,60.693,0,60.693
426,60.7896,0,60.7896
427,60.8869,0,60.8869
428,60.9788,0,60.9788
429,61.0652,0,61.0652
430,61.1522,0,61.1522
431,61.2384,0,61.2384
432,61.3238,0,61.3238
433,61.4097,0,61.4097
434,61.4922,0,61.4922
435,61.5712,0,61.5712
436,61.6507,0,61.6507
437,61.7277,0,61.7277
438,61.8005,0,61.8005
439,61.8737,0,61.8737
440,61.9465,0,61.9465
441,62.0182,0,62.0182
442,62.0902,0,62.0902
443,62.1601,0,62.1601
444,62.22,0,62.22
445,62.2801,0,62.2801
446,62.3406,0,62.3406
447,62.409,0,62.409
448,62.4779,0,62.4779
449,62.5471,0,62.5471
450,62.606,0,62.606
451,62.6626,0,62.6626
452,62.7194,0,62.7194
453,62.7779,0,62.7779
454,62.8381,0,62.8381
455,62.8987,0,62.8987
456,62.9587,0,62.9587
457,63.0154,0,63.0154
458,63.0725,0,63.0725
459,63.1299,0,63.1299
460,63.1843,0,63.1843
461,63.2382,0,63.2382
462,63.2924,0,63.2924
463,63.3472,0,63.3472
464,63.403,0,63.403
465,63.459,0,63.459
466,63.5153,0,63.5153
467,63.5578,0,63.5578
468,63.599,0,63.599
469,63.6403,0,63.6403
470,63.6851,0,63.6851
471,63.7349,0,63.7349
472,63.7851,0,63.7851
473,63.8354,0,63.8354
474,63.8668,0,63.8668
475,63.8933,0,63.8933
476,63.9196,0,63.9196
477,63.9477,0,63.9477
478,63.992,0,63.992
479,64.0364,0,64.0364
480,64.0811,0,64.0811
481,64.1227,0,64.1227
482,64.1596,0,64.1596
483,64.1967,0,64.1967
484,64.2339,0,64.2339
485,64.2707,0,64.2707
486,64.3075,0,64.3075
487,64.3444,0,64.3444
488,64.3815,0,64.3815
489,64.4183,0,64.4183
490,64.4552,0,64.4552
491,64.4922,0,64.4922
492,64.5294,0,64.5294
493,64.5639,0,64.5639
494,64.5984,0,64.5984
495,64.6332,0,64.6332
496,64.6679,0,64.6679
497,64.7011,0,64.7011
498,64.7345,0,64.7345
499,64.768,0,64.768
500,64.801,0,64.801
501,64.8289,0,64.8289
502,64.8569,0,64.8569
503,64.8851,0,64.8851
504,64.9134,0,64.9134
505,64.9489,0,64.9489
506,64.9846,0,64.9846
507,65.0204,0,65.0204
508,65.0563,0,65.0563
509,65.0816,0,65.0816
510,65.1059,0,65.1059
511,65.1302,0,65.1302
512,65.1546,0,65.1546
513,65.1816,0,65.1816
514,65.2097,0,65.2097
515,65.2381,0,65.2381
516,65.2666,0,65.2666
517,65.2938,0,65.2938
518,65.319,0,65.319
519,65.3444,0.0001,65.3443
520,65.3698,0.0001,65.3697
521,65.3952,0.0001,65.3951
522,65.4196,0.0001,65.4195
523,65.444,0.0001,65.4439
524,65.4686,0.0002,65.4684
525,65.4933,0.0002,65.4931
526,65.5153,0.0003,65.515
527,65.5357,0.0005,65.5352
528,65.5562,0.0009,65.5553
529,65.5767,0.0015,65.5752
530,65.598,0.0024,65.5956
531,65.6252,0.0022,65.623
532,65.6525,0.002,65.6505
533,65.6799,0.0019,65.678
534,65.7074,0.0017,65.7057
535,65.7319,0.0015,65.7304
536,65.7544,0.0014,65.753
537,65.777,0.0012,65.7758
538,65.7997,0.001,65.7987
539,65.8226,0.0009,65.8217
540,65.8433,0.0011,65.8422
541,65.8639,0.0014,65.8625
542,65.8845,0.0017,65.8828
543,65.9053,0.0021,65.9032
544,65.9263,0.0025,65.9238
545,65.9479,0.0026,65.9453
546,65.9697,0.0026,65.9671
547,65.9915,0.0027,65.9888
548,66.0135,0.0027,66.0108
549,66.0329,0.0035,66.0294
550,66.0484,0.0062,66.0422
551,66.064,0.0111,66.0529
552,66.0796,0.0196,66.06
553,66.0953,0.0348,66.0605
554,66.1139,0.0406,66.0733
555,66.1353,0.0314,66.1039
556,66.1568,0.0243,66.1325
557,66.1784,0.0188,66.1596
558,66.2001,0.0146,66.1855
559,66.2186,0.0147,66.2039
560,66.234,0.0195,66.2145
561,66.2495,0.0257,66.2238
562,66.2651,0.034,66.2311
563,66.2808,0.0448,66.236
564,66.2983,0.0513,66.247
565,66.3186,0.0476,66.271
566,66.339,0.0442,66.2948
567,66.3594,0.0411,66.3183
568,66.3799,0.0382,66.3417
569,66.3986,0.0383,66.3603
570,66.4127,0.0458,66.3669
571,66.4268,0.0548,66.372
572,66.4411,0.0655,66.3756
573,66.4554,0.0782,66.3772
574,66.4697,0.0934,66.3763
575,66.4858,0.1067,66.3791
576,66.502,0.1218,66.3802
577,66.5182,0.139,66.3792
578,66.5345,0.1586,66.3759
579,66.5509,0.1808,66.3701
580,66.5674,0.1784,66.389
581,66.584,0.1598,66.4242
582,66.6007,0.1433,66.4574
583,66.6175,0.1285,66.489
584,66.6343,0.1153,66.519
585,66.6509,0.1059,66.545
586,66.666,0.1071,66.5589
587,66.6812,0.1083,66.5729
588,66.6964,0.1096,66.5868
589,66.7118,0.1108,66.601
590,66.7272,0.112,66.6152
591,66.7408,0.1211,66.6197
592,66.7534,0.1369,66.6165
593,66.766,0.1547,66.6113
594,66.7786,0.1747,66.6039
595,66.7913,0.1973,66.594
596,66.8041,0.2227,66.5814
597,66.8168,0.2427,66.5741
598,66.8296,0.2634,66.5662
599,66.8425,0.2859,66.5566
600,66.8554,0.3102,66.5452
601,66.8684,0.3364,66.532
602,66.8812,0.3622,66.519
603,66.8929,0.3654,66.5275
604,66.9047,0.3686,66.5361
605,66.9164,0.3718,66.5446
606,66.9283,0.3751,66.5532
607,66.9402,0.3784,66.5618
608,66.9523,0.3843,66.568
609,66.9653,0.4013,66.564
610,66.9783,0.4188,66.5595
611,66.9914,0.4372,66.5542
612,67.0045,0.4562,66.5483
613,67.0177,0.476,66.5417
614,67.0305,0.4999,66.5306
615,67.0416,0.5389,66.5027
616,67.0527,0.5808,66.4719
617,67.0639,0.6258,66.4381
618,67.0751,0.6741,66.401
619,67.0864,0.726,66.3604
620,67.0979,0.7766,66.3213
621,67.1107,0.7823,66.3284
622,67.1237,0.7881,66.3356
623,67.1366,0.7939,66.3427
624,67.1496,0.7997,66.3499
625,67.1627,0.8055,66.3572
626,67.1758,0.8114,66.3644
627,67.1856,0.8811,66.3045
628,67.1946,0.9745,66.2201
629,67.2037,1.0776,66.1261
630,67.2128,1.1911,66.0217
631,67.222,1.3162,65.9058
632,67.2312,1.454,65.7772
633,67.2412,1.5661,65.6751
634,67.2523,1.6245,65.6278
635,67.2634,1.6848,65.5786
636,67.2746,1.7472,65.5274
637,67.2858,1.8117,65.4741
638,67.297,1.8784,65.4186
639,67.3083,1.9473,65.361
640,67.3191,2.0168,65.3023
641,67.33,2.0884,65.2416
642,67.3408,2.1624,65.1784
643,67.3518,2.2387,65.1131
644,67.3627,2.3174,65.0453
645,67.3737,2.3987,64.975
646,67.3844,2.4823,64.9021
647,67.3938,2.5677,64.8261
648,67.4032,2.6557,64.7475
649,67.4126,2.7464,64.6662
650,67.4222,2.84,64.5822
651,67.4317,2.9364,64.4953
652,67.4413,3.0358,64.4055
653,67.4504,3.1029,64.3475
654,67.4586,3.1179,64.3407
655,67.4669,3.133,64.3339
656,67.4752,3.1481,64.3271
657,67.4836,3.1632,64.3204
658,67.492,3.1783,64.3137
659,67.5004,3.1935,64.3069
660,67.5092,3.252,64.2572
661,67.5185,3.3561,64.1624
662,67.5277,3.4632,64.0645
663,67.537,3.5733,63.9637
664,67.5464,3.6867,63.8597
665,67.5558,3.8032,63.7526
666,67.5652,3.9231,63.6421
667,67.5745,4.0458,63.5287
668,67.5838,4.171,63.4128
669,67.5931,4.2997,63.2934
670,67.6024,4.432,63.1704
671,67.6118,4.5679,63.0439
672,67.6212,4.7076,62.9136
673,67.6306,4.8511,62.7795
674,67.6398,4.9979,62.6419
675,67.6475,5.1456,62.5019
676,67.6553,5.2973,62.358
677,67.6631,5.4529,62.2102
678,67.671,5.6127,62.0583
679,67.6788,5.7766,61.9022
680,67.6867,5.9449,61.7418
681,67.6947,6.1175,61.5772
682,67.7015,6.1704,61.5311
683,67.708,6.1926,61.5154
684,67.7146,6.2149,61.4997
685,67.7212,6.2373,61.4839
686,67.7278,6.2596,61.4682
687,67.7345,6.2819,61.4526
688,67.7412,6.3043,61.4369
689,67.7479,6.3267,61.4212
690,67.7544,6.3491,61.4053
691,67.761,6.3715,61.3895
692,67.7677,6.3939,61.3738
693,67.7743,6.4164,61.3579
694,67.781,6.4389,61.3421
695,67.7877,6.4613,61.3264
696,67.7945,6.4838,61.3107
697,67.8009,6.5801,61.2208
698,67.807,6.753,61.054
699,67.8132,6.9299,60.8833
700,67.8194,7.1109,60.7085
701,67.8256,7.2962,60.5294
702,67.8319,7.4857,60.3462
703,67.8382,7.6796,60.1586
704,67.8445,7.8779,59.9666
705,67.8513,8.0798,59.7715
706,67.8588,8.2851,59.5737
707,67.8663,8.4951,59.3712
708,67.8739,8.7098,59.1641
709,67.8814,8.9293,58.9521
710,67.889,9.1537,58.7353
711,67.8966,9.3831,58.5135
712,67.9043,9.6176,58.2867
713,67.9105,9.7716,58.1389
714,67.9145,9.7987,58.1158
715,67.9186,9.8259,58.0927
716,67.9227,9.8531,58.0696
717,67.9268,9.8802,58.0466
718,67.9309,9.9074,58.0235
719,67.9351,9.9346,58.0005
720,67.9393,9.9617,57.9776
721,67.9438,10.03,57.9138
722,67.9499,10.2656,57.6843
723,67.9561,10.506,57.4501
724,67.9622,10.7514,57.2108
725,67.9684,11.0019,56.9665
726,67.9746,11.2574,56.7172
727,67.9808,11.5182,56.4626
728,67.987,11.7843,56.2027
729,67.9932,12.0558,55.9374
730,67.9978,12.1588,55.839
731,68.0017,12.1882,55.8135
732,68.0057,12.2176,55.7881
733,68.0096,12.2469,55.7627
734,68.0136,12.2763,55.7373
735,68.0175,12.3056,55.7119
736,68.0216,12.335,55.6866
737,68.0256,12.3643,55.6613
738,68.0296,12.3936,55.636
739,68.0356,12.663,55.3726
740,68.0416,12.9374,55.1042
741,68.0476,13.217,54.8306
742,68.0536,13.5019,54.5517
743,68.0597,13.7922,54.2675
744,68.0658,14.0879,53.9779
745,68.0719,14.3891,53.6828
746,68.078,14.6959,53.3821
747,68.084,14.9801,53.1039
748,68.089,15.0115,53.0775
749,68.094,15.043,53.051
750,68.0991,15.0744,53.0247
751,68.1041,15.1058,52.9983
752,68.1092,15.1372,52.972
753,68.1143,15.1686,52.9457
754,68.1194,15.2,52.9194
755,68.1245,15.2314,52.8931
756,68.1297,15.2628,52.8669
757,68.1334,15.5692,52.5642
758,68.1371,15.881,52.2561
759,68.1409,16.1982,51.9427
760,68.1447,16.5209,51.6238
761,68.1484,16.8492,51.2992
762,68.1522,17.183,50.9692
763,68.156,17.5226,50.6334
764,68.1599,17.868,50.2919
765,68.1637,18.2193,49.9444
766,68.1675,18.3486,49.8189
767,68.1714,18.3811,49.7903
768,68.1752,18.4135,49.7617
769,68.179,18.4459,49.7331
770,68.1829,18.4783,49.7046
771,68.1867,18.5107,49.676
772,68.1906,18.543,49.6476
773,68.1945,18.5753,49.6192
774,68.1984,18.6076,49.5908
775,68.2026,18.6708,49.5318
776,68.2083,19.0152,49.1931
777,68.214,19.3651,48.8489
778,68.2198,19.7204,48.4994
779,68.2255,20.0814,48.1441
780,68.2313,20.448,47.7833
781,68.2371,20.8204,47.4167
782,68.2429,21.1986,47.0443
783,68.2488,21.5826,46.6662
784,68.2546,21.9727,46.2819
785,68.2602,22.2593,46.0009
786,68.2649,22.2926,45.9723
787,68.2697,22.3259,45.9438
788,68.2744,22.3591,45.9153
789,68.2792,22.3923,45.8869
790,68.284,22.4255,45.8585
791,68.2889,22.4587,45.8302
792,68.2937,22.4919,45.8018
793,68.2986,22.525,45.7736
794,68.3034,22.5581,45.7453
795,68.3084,22.6606,45.6478
796,68.314,23.0445,45.2695
797,68.3197,23.4338,44.8859
798,68.3253,23.8287,44.4966
799,68.3309,24.2293,44.1016
800,68.3366,24.6355,43.7011
801,68.3423,25.0476,43.2947
802,68.3479,25.4655,42.8824
803,68.3536,25.8894,42.4642
804,68.3594,26.3192,42.0402
805,68.3651,26.755,41.6101
806,68.369,26.8283,41.5407
807,68.3727,26.8609,41.5118
808,68.3764,26.8934,41.483
809,68.3802,26.9259,41.4543
810,68.3839,26.9584,41.4255
811,68.3877,26.9909,41.3968
812,68.3914,27.0233,41.3681
813,68.3952,27.0556,41.3396
814,68.399,27.088,41.311
815,68.4028,27.1203,41.2825
816,68.4068,27.268,41.1388
817,68.4113,27.6885,40.7228
818,68.4158,28.1144,40.3014
819,68.4203,28.5458,39.8745
820,68.4248,28.9827,39.4421
821,68.4293,29.4253,39.004
822,68.4338,29.8735,38.5603
823,68.4383,30.3275,38.1108
824,68.4429,30.7872,37.6557
825,68.4474,31.2528,37.1946
826,68.452,31.7243,36.7277
827,68.4555,32.0738,36.3817
828,68.4573,32.2335,36.2238
829,68.4591,32.3937,36.0654
830,68.4609,32.5542,35.9067
831,68.4627,32.7152,35.7475
832,68.4645,32.8766,35.5879
833,68.4664,33.0384,35.428
834,68.4682,33.2006,35.2676
835,68.4701,33.3633,35.1068
836,68.4719,33.5263,34.9456
837,68.4738,33.6898,34.784
838,68.4757,33.8536,34.6221
839,68.4776,34.0179,34.4597
840,68.4795,34.1826,34.2969
841,68.4815,34.3477,34.1338
842,68.4834,34.5132,33.9702
843,68.4853,34.6791,33.8062
844,68.4873,34.8454,33.6419
845,68.4893,35.0122,33.4771
846,68.4913,35.1793,33.312
847,68.4932,35.3469,33.1463
848,68.4952,35.5148,32.9804
849,68.4973,35.6832,32.8141
850,68.4993,35.852,32.6473
851,68.5013,36.0211,32.4802
852,68.5034,36.1907,32.3127
853,68.5054,36.3607,32.1447
854,68.5075,36.5311,31.9764
855,68.5096,36.7019,31.8077
856,68.5117,36.8731,31.6386
857,68.5138,37.0448,31.469
858,68.5159,37.2168,31.2991
859,68.518,37.3892,31.1288
860,68.5201,37.562,30.9581
861,68.5223,37.7353,30.787
862,68.5244,37.9089,30.6155
863,68.5266,38.0829,30.4437
864,68.5287,38.2574,30.2713
865,68.5309,38.4322,30.0987
866,68.5331,38.6074,29.9257
867,68.5353,38.7831,29.7522
868,68.5375,38.9591,29.5784
869,68.5397,39.1355,29.4042
870,68.5419,39.3124,29.2295
871,68.5442,39.4896,29.0546
872,68.5464,39.6672,28.8792
873,68.5487,39.8453,28.7034
874,68.5509,40.0237,28.5272
875,68.5532,40.2025,28.3507
876,68.5555,40.3817,28.1738
877,68.5577,40.5613,27.9964
878,68.56,40.7414,27.8186
879,68.5624,40.9218,27.6406
880,68.5647,41.1026,27.4621
881,68.567,41.2837,27.2833
882,68.5693,41.4653,27.104
883,68.5716,41.6473,26.9243
884,68.574,41.8297,26.7443
885,68.5763,42.0124,26.5639
886,68.5787,42.1956,26.3831
887,68.5811,42.3791,26.202
888,68.5835,42.5631,26.0204
889,68.5859,42.7474,25.8385
890,68.5883,42.9321,25.6562
891,68.5907,43.1172,25.4735
892,68.5931,43.3027,25.2904
893,68.5955,43.4886,25.1069
894,68.5979,43.6749,24.923
895,68.6004,43.8615,24.7389
896,68.6028,44.0486,24.5542
897,68.6053,44.236,24.3693
898,68.6077,44.4239,24.1838
899,68.6102,44.6121,23.9981
900,68.6127,44.8006,23.8121
901,68.6152,44.9896,23.6256
902,68.6177,45.179,23.4387
903,68.6202,45.3687,23.2515
904,68.6227,45.5589,23.0638
905,68.6252,45.7494,22.8758
906,68.6278,45.9403,22.6875
907,68.6303,46.1315,22.4988
908,68.6328,46.3232,22.3096
909,68.6354,46.5152,22.1202
910,68.638,46.7077,21.9303
911,68.6405,46.9005,21.74
912,68.6431,47.0936,21.5495
913,68.6457,47.2872,21.3585
914,68.6483,47.4812,21.1671
915,68.6509,47.6755,20.9754
916,68.6535,47.8702,20.7833
917,68.6561,48.0652,20.5909
918,68.6588,48.2607,20.3981
919,68.6614,48.4565,20.2049
920,68.6641,48.6527,20.0114
921,68.6667,48.8493,19.8174
922,68.6694,49.0463,19.6231
923,68.672,49.2436,19.4284
924,68.6747,49.4413,19.2334
925,68.6774,49.6394,19.038
926,68.6801,49.8378,18.8423
927,68.6828,50.0366,18.6462
928,68.6855,50.2358,18.4497
929,68.6882,50.4354,18.2528
930,68.6909,50.6353,18.0556
931,68.6937,50.8356,17.8581
932,68.6964,51.0363,17.6601
933,68.6991,51.2373,17.4618
934,68.7019,51.4387,17.2632
935,68.7046,51.6405,17.0641
936,68.7074,51.8427,16.8647
937,68.7102,52.0452,16.665
938,68.7129,52.248,16.4649
939,68.7157,52.4513,16.2644
940,68.7185,52.6549,16.0636
941,68.7213,52.8589,15.8624
942,68.7241,53.0632,15.6609
943,68.7269,53.2679,15.459
944,68.7298,53.473,15.2568
945,68.7326,53.6784,15.0542
946,68.7354,53.8842,14.8512
947,68.7382,54.0904,14.6478
948,68.7411,54.2969,14.4442
949,68.7439,54.5037,14.2402
950,68.7468,54.711,14.0358
951,68.7497,54.9186,13.8311
952,68.7525,55.1265,13.626
953,68.7554,55.3348,13.4206
954,68.7583,55.5435,13.2148
955,68.7612,55.7525,13.0087
956,68.7641,55.9619,12.8022
957,68.767,56.1717,12.5953
958,68.7699,56.3818,12.3881
959,68.7728,56.5922,12.1806
960,68.7757,56.803,11.9727
961,68.7787,57.0142,11.7645
962,68.7816,57.2257,11.5559
963,68.7845,57.4376,11.3469
964,68.7875,57.6498,11.1377
965,68.7904,57.8624,10.928
966,68.7934,58.0753,10.7181
967,68.7964,58.2886,10.5078
968,68.7993,58.5022,10.2971
969,68.8023,58.7162,10.0861
970,68.8053,58.9305,9.8748
971,68.8083,59.1452,9.6631
972,68.8113,59.3602,9.4511
973,68.8143,59.5756,9.2387
974,68.8173,59.7913,9.026
975,68.8203,60.0073,8.813
976,68.8233,60.2237,8.5996
977,68.8264,60.4405,8.3859
978,68.8294,60.6576,8.1718
979,68.8324,60.8751,7.9573
980,68.8355,61.0928,7.7427
981,68.8386,61.311,7.5276
982,68.8416,61.5295,7.3121
983,68.8447,61.7483,7.0964
984,68.8477,61.9674,6.8803
985,68.8508,62.187,6.6638
986,68.8539,62.4068,6.4471
987,68.857,62.627,6.23
988,68.8601,62.8475,6.0126
989,68.8632,63.0684,5.7948
990,68.8663,63.2896,5.5767
991,68.8694,63.5111,5.3583
992,68.8726,63.733,5.1396
993,68.8757,63.9552,4.9205
994,68.8788,64.1778,4.701
995,68.882,64.4007,4.4813
996,68.8851,64.6239,4.2612
997,68.8883,64.8475,4.0408
998,68.8914,65.0714,3.82
999,68.8946,65.2956,3.599
1000,68.8977,65.5202,3.3775
1001,68.9009,65.5869,3.314
1002,68.9041,65.6619,3.2422
1003,68.9072,65.7439,3.1633
1004,68.9104,65.8264,3.084
1005,68.9136,65.9009,3.0127
1006,68.9168,65.9609,2.9559
1007,68.92,66.0062,2.9138
1008,68.9232,66.0436,2.8796
1009,68.9264,66.0853,2.8411
1010,68.9296,66.1443,2.7853
1011,68.9328,66.2287,2.7041
1012,68.936,66.3373,2.5987
1013,68.9392,66.4592,2.48
1014,68.9425,66.5764,2.3661
1015,68.9457,66.6699,2.2758
1016,68.949,66.7272,2.2218
1017,68.9522,66.7479,2.2043
1018,68.9555,66.7449,2.2106
1019,68.9587,66.7415,2.2172
1020,68.962,66.7629,2.1991
1021,68.9652,66.8285,2.1367
1022,68.9685,66.9437,2.0248
1023,68.9718,67.0973,1.8745
1024,68.9751,67.264,1.7111
1025,68.9784,67.4115,1.5669
1026,68.9817,67.4698,1.5119
1027,68.985,67.4915,1.4935
1028,68.9883,67.4808,1.5075
1029,68.9916,67.4482,1.5434
1030,68.9949,67.408,1.5869
1031,68.9982,67.3754,1.6228
1032,69.0016,67.3636,1.638
1033,69.0049,67.381,1.6239
1034,69.0083,67.4303,1.578
1035,69.0116,67.5081,1.5035
1036,69.0149,67.6057,1.4092
1037,69.0183,67.7109,1.3074
1038,69.0217,67.8107,1.211
1039,69.025,67.8933,1.1317
1040,69.0284,67.9507,1.0777
1041,69.0318,67.98,1.0518
1042,69.0351,67.9836,1.0515
1043,69.0385,67.9687,1.0698
1044,69.0419,67.9455,1.0964
1045,69.0453,67.9253,1.12
1046,69.0487,67.9182,1.1305
1047,69.0521,67.9316,1.1205
1048,69.0555,67.9686,1.0869
1049,69.0589,68.0281,1.0308
1050,69.0624,68.1049,0.9575
1051,69.0658,68.191,0.8748
1052,69.0692,68.2656,0.8036
1053,69.0726,68.3315,0.7411
1054,69.0761,68.3798,0.6963
1055,69.0795,68.405,0.6745
1056,69.083,68.4068,0.6762
1057,69.0864,68.3891,0.6973
1058,69.0899,68.3599,0.73
1059,69.0933,68.3292,0.7641
1060,69.0968,68.3071,0.7897
1061,69.1003,68.3017,0.7986
1062,69.1037,68.3179,0.7858
1063,69.1072,68.3563,0.7509
1064,69.1107,68.4133,0.6974
1065,69.1142,68.4817,0.6325
1066,69.1177,68.5523,0.5654
1067,69.1212,68.6155,0.5057
1068,69.1247,68.6633,0.4614
1069,69.1282,68.6908,0.4374
1070,69.1317,68.6968,0.4349
1071,69.1352,68.6845,0.4507
1072,69.1388,68.6602,0.4786
1073,69.1423,68.6325,0.5098
1074,69.1458,68.6104,0.5354
1075,69.1494,68.6017,0.5477
1076,69.1529,68.6115,0.5414
1077,69.1565,68.6415,0.515
1078,69.16,68.6898,0.4702
1079,69.1636,68.751,0.4126
1080,69.1671,68.8177,0.3494
1081,69.1707,68.8812,0.2895
1082,69.1743,68.934,0.2403
1083,69.1778,68.9703,0.2075
1084,69.1814,68.9874,0.194
1085,69.185,68.9861,0.1989
1086,69.1886,68.9706,0.218
1087,69.1922,68.9473,0.2449
1088,69.1958,68.9242,0.2716
1089,69.1994,68.8982,0.3012
1090,69.203,68.8855,0.3175
1091,69.2066,68.8888,0.3178
1092,69.2102,68.9081,0.3021
1093,69.2138,68.941,0.2728
1094,69.2175,68.9827,0.2348
1095,69.2211,69.0275,0.1936
1096,69.2247,69.0693,0.1554
1097,69.2283,69.1028,0.1255
1098,69.232,69.1242,0.1078
1099,69.2356,69.1319,0.1037
1100,69.2393,69.1265,0.1128
1101,69.2429,69.1107,0.1322
1102,69.2466,69.0885,0.1581
1103,69.2502,69.0649,0.1853
1104,69.2539,69.0448,0.2091
1105,69.2575,69.0322,0.2253
1106,69.2612,69.0298,0.2314
1107,69.2649,69.0385,0.2264
1108,69.2686,69.0575,0.2111
1109,69.2722,69.0845,0.1877
1110,69.2759,69.116,0.1599
1111,69.2796,69.1482,0.1314
1112,69.2833,69.1772,0.1061
1113,69.287,69.2001,0.0869
1114,69.2907,69.2148,0.0759
1115,69.2944,69.2208,0.0736
1116,69.2981,69.219,0.0791
1117,69.3018,69.2112,0.0906
1118,69.3056,69.2001,0.1055
1119,69.3093,69.1887,0.1206
1120,69.313,69.1797,0.1333
1121,69.3167,69.1748,0.1419
1122,69.3205,69.1757,0.1448
1123,69.3242,69.183,0.1412
1124,69.3279,69.1959,0.132
1125,69.3317,69.2129,0.1188
1126,69.3354,69.2321,0.1033
1127,69.3392,69.2514,0.0878
1128,69.3429,69.269,0.0739
1129,69.3467,69.2833,0.0634
1130,69.3504,69.2937,0.0567
1131,69.3542,69.3,0.0542
1132,69.358,69.3028,0.0552
1133,69.3617,69.3031,0.0586
1134,69.3655,69.3024,0.0631
1135,69.3693,69.3018,0.0675
1136,69.3731,69.3026,0.0705
1137,69.3769,69.3053,0.0716
1138,69.3807,69.3104,0.0703
1139,69.3844,69.3174,0.067
1140,69.3882,69.326,0.0622
1141,69.392,69.3352,0.0568
1142,69.3959,69.3443,0.0516
1143,69.3997,69.3524,0.0473
1144,69.4035,69.3593,0.0442
1145,69.4024,69.3582,0.0442
1146,69.4013,69.3572,0.0441
1147,69.4003,69.3562,0.0441
1148,69.3992,69.3552,0.044
1149,69.3982,69.3542,0.044
1150,69.3971,69.3532,0.0439
1151,69.3961,69.3522,0.0439
1152,69.395,69.3512,0.0438
1153,69.394,69.3502,0.0438
1154,69.393,69.3492,0.0438
1155,69.3919,69.3482,0.0437
1156,69.3909,69.3472,0.0437
1157,69.3899,69.3462,0.0437
1158,69.3888,69.3452,0.0436
1159,69.3878,69.3442,0.0436
1160,69.3868,69.3432,0.0436
1161,69.3858,69.3422,0.0436
1162,69.3848,69.3413,0.0435
1163,69.3838,69.3403,0.0435
1164,69.3827,69.3393,0.0434
1165,69.3817,69.3383,0.0434
1166,69.3807,69.3374,0.0433
1167,69.3797,69.3364,0.0433
1168,69.3787,69.3354,0.0433
1169,69.3777,69.3345,0.0432
1170,69.3767,69.3335,0.0432
1171,69.3757,69.3326,0.0431
1172,69.3747,69.3316,0.0431
1173,69.3738,69.3307,0.0431
1174,69.3728,69.3297,0.0431
1175,69.3718,69.3288,0.043
1176,69.3708,69.3278,0.043
1177,69.3698,69.3269,0.0429
1178,69.3689,69.326,0.0429
1179,69.3679,69.325,0.0429
1180,69.3669,69.3241,0.0428
1181,69.366,69.3232,0.0428
1182,69.365,69.3222,0.0428
1183,69.364,69.3213,0.0427
1184,69.3631,69.3204,0.0427
1185,69.3621,69.3195,0.0426
1186,69.3612,69.3185,0.0427
1187,69.3602,69.3176,0.0426
1188,69.3592,69.3167,0.0425
1189,69.3583,69.3158,0.0425
1190,69.3574,69.3149,0.0425